first_txn_month,avg_spend
2024-10,2000.000000
2024-11,6500.000000
2025-01,64230.769231
2025-02,50000.000000
