customer_id,expected_interest
107,319000.00000000
110,187500.00000000
106,144000.00000000
101,102000.00000000
103,58500.00000000
102,50000.00000000
109,38500.00000000
104,20250.00000000
